Name	Title	Coding
t3_1gagy4s	Math 203 midterm	Exam
t3_1gaesgv	MIAE 211 and 215 HELP	Class
t3_1gbhk78	Acco 220	Class
t3_1ganprd	Coen 243 midterm.	Exam
t3_1gampeu	"Switching programs next year @diff uni, how many core classes do u need to take per semester???"	General Question
t3_1gc4xcl	Chem 205 	Class
t3_1gbh14g	phys 204 final	Exam
t3_1gb2xf0	Anyone else had issues like this..	Administrative Question
t3_1gb0ncz	Mental health 	Rant
t3_1gbgmde	COMM 219 Midterm	Exam
t3_1gb47gi	ACSD Midterm time switched?	Exam
t3_1gag2lt	Searching for apple pencil owner	Lost and Found
t3_1gbij6n	Biol 200	Class
t3_1gatcw3	MANA 201	Exam
t3_1game9x	LAST MINUTE MIAE 380 CHEAT SHEET	Exam
t3_1gb3m7l	"For Finance graduates, where are you now ?"	General Question
t3_1gbj2bj	For the people who has Math 203 and Math 204 midterms on the same day this Saturday 	Exam
t3_1gbkuez	BIOL 261 Midterm tips	Exam
t3_1galq5b	Engr 213 project	Class
t3_1gablhj	"Any international students applying for fall 25 ""biology"" "	General Question
t3_1ga0yeu	Phil210 Reflection Activities 	Class
t3_1gabx5c	Opus card renewal 	General Question
t3_1gbg82p	Econ 203 midterm	Exam
t3_1gaj1km	What's with the newspaper?	General Question
t3_1gb5yph	Econ325	Exam
t3_1gbofl3	Math 203 Midterm webwork practice 	Exam
t3_1gbdzlk	Am I the only one who’s PHYS 204 class in moodle is gone?	Class
t3_1gc0glp	Why is Gad Saad Allowed to Teach?	Complaint
t3_1gaugt2	Am I dumb for finishing all my COMM classes before 7th (3rd year) semester? 	Rant
t3_1gc44mn	Looking for teammate ENGR 213 Project	Class
t3_1gaohrk	Now I’ve seen it all	Rant
t3_1gc1q5r	Affordable student haircuts 	General Question
t3_1gbi2ey	HELP! Easiest biochem core classes? How many core classes do you need to have per semester if planning to switch unis	Class
t3_1gavtec	Short term absence 	Administrative Question
t3_1gby8i6	WizePrep Midterm Mock COMM 308 	Exam
t3_1gc2yno	Are there no bursaries for undergrad temporary resident students?	Administrative Question
t3_1gbdhoq	M.A. Political Science	General Question
t3_1gc20n2	Math 208 Formulae	Exam
t3_1gac8ws	Comp 232 with pankaj	Exam
t3_1gc1ual	is it just me or classroom doors are harder to open?	General Question
t3_1gbyto5	Financial calculator 	General Question
t3_1gacozg	Sleeping pods	Recommendation
t3_1gc5kpg	MATH 204 midterm (partial marks)	Exam
t3_1gbtdov	Short Term absence ?	Administrative Question
t3_1gbhvsh	Geog 210 	Class
t3_1gafq6a	WTF is student association fees?  $222 out of no where	Administrative Question
t3_1gbtd2b	Computer Science Master thesis-based experience	General Question
t3_1gadrd9	How can you put the answers on moodle of the test before the test… 	Administrative Question
t3_1gc2no6	Anytime Fitness - trainer 	General Question
t3_1gad2be	Biol 202 	Exam
